name,datetime,tempmax,tempmin,temp,feelslikemax,feelslikemin,feelslike,dew,humidity,precip,precipprob,precipcover,preciptype,snow,snowdepth,windgust,windspeed,winddir,sealevelpressure,cloudcover,visibility,solarradiation,solarenergy,uvindex,severerisk,sunrise,sunset,moonphase,conditions,description,icon,stations
chavannes-près-renens,2024-01-01,43.6,38.5,40.5,40.6,33.7,36.8,36.3,85.2,0.547,100,29.17,rain,0,0.1,17.4,8.5,250.4,1016.9,85.8,14.8,31.5,2.7,2,10,2024-01-01T08:17:49,2024-01-01T16:56:28,0.68,"Rain, Partially cloudy",Partly cloudy throughout the day with rain clearing later.,rain,"E5414,06704099999,06707099999,06618099999,06708099999,06703099999,06711099999"
chavannes-près-renens,2024-01-02,45,38.5,41.5,40,33.1,36.2,39,90.9,0.752,100,79.17,rain,0,0,25.7,13.2,250.8,1013.2,99.9,9.9,8.7,0.8,1,10,2024-01-02T08:17:50,2024-01-02T16:57:24,0.71,"Rain, Overcast",Cloudy skies throughout the day with a chance of rain throughout the day.,rain,"E5414,06704099999,06707099999,06618099999,06708099999,06703099999,06711099999"
chavannes-près-renens,2024-01-03,53.8,44.2,48.2,53.8,37.9,44.4,39.9,74.3,0.348,100,50,rain,0,0,43.4,19.5,247.7,1008.8,86.3,12.3,27.7,2.3,1,10,2024-01-03T08:17:48,2024-01-03T16:58:22,0.74,"Rain, Partially cloudy",Partly cloudy throughout the day with rain.,rain,"E5414,06610099999,06700099999,06720099999,06704099999,06707099999,06618099999,06708099999,06703099999,06711099999"
chavannes-près-renens,2024-01-04,47.7,40.8,44.2,45.2,38.4,40.2,37.3,76.8,0.049,100,41.67,rain,0,0,41.5,12.2,250.1,1012.7,86.8,13.7,31.8,2.7,3,10,2024-01-04T08:17:44,2024-01-04T16:59:23,0.75,"Rain, Partially cloudy",Partly cloudy throughout the day with rain clearing later.,rain,"E5414,06704099999,06707099999,06618099999,06708099999,06703099999,06711099999"
chavannes-près-renens,2024-01-05,42.4,39.7,41.1,42.4,37.6,40.5,37.5,87.6,0.223,100,58.33,rain,0,0,10.5,4.5,357.1,1006.6,100,11.4,9.8,0.9,1,10,2024-01-05T08:17:36,2024-01-05T17:00:25,0.8,"Rain, Overcast",Cloudy skies throughout the day with rain.,rain,"E5414,06704099999,06707099999,06618099999,06708099999,06703099999,06711099999"
chavannes-près-renens,2024-01-06,40.4,37.4,38.7,39.3,32.4,35.8,33.7,82.4,0.062,100,25,rain,0,0,17,7,18.6,1008.9,98.6,10.5,45.6,4,3,10,2024-01-06T08:17:26,2024-01-06T17:01:29,0.84,"Rain, Overcast",Cloudy skies throughout the day with rain clearing later.,rain,"E5414,06704099999,06707099999,06618099999,06708099999,06703099999,06711099999"
chavannes-près-renens,2024-01-07,37.9,32.8,36.3,31.5,23.5,29.3,32.2,85.1,0.064,100,75,"rain,snow",0.5,0,29.3,12.5,28.1,1011.9,98.1,5.8,36.6,3.4,2,10,2024-01-07T08:17:13,2024-01-07T17:02:35,0.87,"Snow, Rain, Overcast",Cloudy skies throughout the day with a chance of rain or snow throughout the day.,snow,"E5414,06704099999,06707099999,06618099999,06708099999,06703099999,06711099999"
chavannes-près-renens,2024-01-08,32.1,26.2,27.8,22.6,15.3,17.8,23.4,83.1,0.029,100,37.5,"rain,snow",0.2,0,33.2,15.1,35.2,1018.5,97.7,11.8,31.6,2.8,2,10,2024-01-08T08:16:58,2024-01-08T17:03:43,0.9,"Snow, Rain, Overcast",Cloudy skies throughout the day with rain or snow clearing later.,snow,"E5414,06704099999,06707099999,06618099999,06708099999,06703099999,06711099999"
chavannes-près-renens,2024-01-09,29.5,27.1,28.1,29,20.6,23.1,24.3,85.4,0.124,100,41.67,"rain,snow",1.1,0.3,18.7,6.5,28.4,1023.8,99.6,7.5,15.2,1.5,1,10,2024-01-09T08:16:40,2024-01-09T17:04:53,0.93,"Snow, Rain, Overcast",Cloudy skies throughout the day with rain or snow.,snow,"E5414,06704099999,06707099999,06618099999,06708099999,06703099999,06711099999"
chavannes-près-renens,2024-01-10,33.1,27.9,30.1,32.6,21.3,26.2,27,88.4,0.034,100,33.33,"rain,snow",0.2,1.3,14.6,8.8,30.7,1025.4,90.6,11.4,20.6,1.8,2,10,2024-01-10T08:16:19,2024-01-10T17:06:04,0.97,"Snow, Rain, Overcast",Cloudy skies throughout the day with rain or snow clearing later.,snow,"E5414,06704099999,06707099999,06618099999,06708099999,06703099999,06711099999"
chavannes-près-renens,2024-01-11,29.6,28,28.6,23.9,20.2,21.5,26,89.6,0,0,0,,0,1.3,20.3,8.8,31.2,1027.5,45.4,13.7,20.2,1.7,1,10,2024-01-11T08:15:55,2024-01-11T17:07:17,0,Partially cloudy,Partly cloudy throughout the day.,partly-cloudy-day,"E5414,06704099999,06707099999,06618099999,06708099999,06703099999,06711099999"
chavannes-près-renens,2024-01-12,29.8,26.9,27.9,22.7,18.3,20.7,24.5,87,0,0,0,snow,0,3.2,20.4,8.7,31.9,1030.1,20.8,13.5,36.2,3.1,2,10,2024-01-12T08:15:29,2024-01-12T17:08:31,0.03,Partially cloudy,Partly cloudy throughout the day.,partly-cloudy-day,"06712099999,E5414,06705099999,06619099999,06609099999,06702099999,06704099999,06707099999,06618099999,06708099999,06703099999,06711099999"
chavannes-près-renens,2024-01-13,30,26.7,28.1,30,20.5,26.7,25.2,88.7,0,0,0,,0,0.5,16.1,5.8,326.6,1027.3,32.5,14.3,38.9,3.3,2,10,2024-01-13T08:15:00,2024-01-13T17:09:47,0.07,Partially cloudy,Partly cloudy throughout the day.,partly-cloudy-day,"E5414,06704099999,06707099999,06618099999,06708099999,06703099999,06711099999"
chavannes-près-renens,2024-01-14,35.9,25.9,29.9,31.8,22.4,28.3,27.3,90.1,0.003,100,12.5,"rain,snow",0,5,12.9,5.2,263.7,1016.7,95.5,14.9,42.8,3.8,3,10,2024-01-14T08:14:29,2024-01-14T17:11:04,0.1,"Snow, Rain, Overcast",Cloudy skies throughout the day with late afternoon rain or snow.,rain,"E5414,06704099999,06707099999,06618099999,06708099999,06703099999,06711099999"
chavannes-près-renens,2024-01-15,39.5,32.6,36.8,34.4,28.9,31.5,29.7,75.5,0.005,100,16.67,"rain,snow",0,3.1,23.8,11.2,271.1,1009.8,86.5,11.2,32.5,2.7,2,10,2024-01-15T08:13:55,2024-01-15T17:12:22,0.14,"Snow, Rain, Partially cloudy",Partly cloudy throughout the day with rain or snow clearing later.,rain,"E5414,06704099999,06707099999,06618099999,06708099999,06703099999,06711099999"
chavannes-près-renens,2024-01-16,37.3,31.1,34.1,37.3,27.2,31.8,27.6,77.4,0.022,100,20.83,"rain,snow",0,2.9,11.9,4.9,355.1,1011,87.8,14.8,70.1,6,4,10,2024-01-16T08:13:18,2024-01-16T17:13:42,0.17,"Snow, Rain, Partially cloudy",Partly cloudy throughout the day with late afternoon rain or snow.,rain,"E5414,06704099999,06707099999,06618099999,06708099999,06703099999,06711099999"
chavannes-près-renens,2024-01-17,46.6,37.2,42.7,44.3,34,39.5,41,93.7,1.179,100,79.17,rain,0,0.2,15.5,7.6,105.6,998.1,98.2,8.7,7,0.6,0,10,2024-01-17T08:12:39,2024-01-17T17:15:02,0.21,"Rain, Overcast",Cloudy skies throughout the day with a chance of rain throughout the day.,rain,"E5414,06610099999,06700099999,06720099999,06704099999,06707099999,06618099999,06708099999,06703099999,06711099999"
chavannes-près-renens,2024-01-18,48,32.6,43.4,43,26.9,39,41.6,93.5,1.059,100,100,"rain,snow",0,0,29.2,13.5,263.6,999.1,100,7.2,11.5,1,1,10,2024-01-18T08:11:58,2024-01-18T17:16:24,0.25,"Snow, Rain, Overcast",Cloudy skies throughout the day with a chance of rain or snow throughout the day.,rain,"E5414,06704099999,06707099999,06618099999,06708099999,06703099999,06711099999"
chavannes-près-renens,2024-01-19,32,24.8,29,32,11.8,20.3,23.4,79.7,0.019,100,16.67,"rain,snow",0.4,0.1,34.5,17.5,34.9,1019.3,40.2,12.3,66.4,5.6,4,10,2024-01-19T08:11:13,2024-01-19T17:17:47,0.28,"Snow, Rain, Partially cloudy",Clearing in the afternoon with rain or snow.,snow,"E5414,06704099999,06707099999,06618099999,06708099999,06703099999,06711099999"
chavannes-près-renens,2024-01-20,29.7,21.9,24.9,24.7,10.5,16.8,17.5,73.5,0.002,100,4.17,"rain,snow",0,0,34.9,15.1,27,1030.1,3.6,15,88.6,7.6,4,10,2024-01-20T08:10:27,2024-01-20T17:19:11,0.31,"Snow, Rain",Clear conditions throughout the day with afternoon rain or snow.,snow,"E5414,06704099999,06707099999,06618099999,06708099999,06703099999,06711099999"
chavannes-près-renens,2024-01-21,39.1,23.5,30.7,35.4,16.9,26,23.6,75.2,0,0,0,,0,0,12.3,5.5,329.8,1033.9,36.5,15,80.5,6.9,4,10,2024-01-21T08:09:38,2024-01-21T17:20:35,0.35,Partially cloudy,Partly cloudy throughout the day.,partly-cloudy-day,"E5414,06704099999,06707099999,06618099999,06708099999,06703099999,06711099999"
chavannes-près-renens,2024-01-22,43.6,32.6,39.4,39.4,26.4,34.2,31.8,75.4,0.575,100,37.5,rain,0,0.7,27.5,12.8,279.6,1029.3,66.5,12.3,21.2,1.8,1,10,2024-01-22T08:08:47,2024-01-22T17:22:01,0.38,"Rain, Partially cloudy",Partly cloudy throughout the day with rain.,rain,"E5414,06704099999,06707099999,06618099999,06708099999,06703099999,06711099999"
chavannes-près-renens,2024-01-23,45.8,42.1,43.8,45.8,37.3,40.5,38.7,82.2,0.037,100,33.33,rain,0,0,18.9,9,262.5,1034.6,83.9,14.4,46,4.1,4,10,2024-01-23T08:07:54,2024-01-23T17:23:27,0.42,"Rain, Partially cloudy",Partly cloudy throughout the day with rain clearing later.,rain,"E5414,06610099999,LSGG,06700099999,06720099999,06704099999,06707099999,07490099999,LSMP,06618099999,06708099999,06703099999,06711099999"
chavannes-près-renens,2024-01-24,53.7,45.2,49.6,53.7,41.7,48.1,42.1,75.5,0.002,100,8.33,rain,0,0,19.4,8.8,276.1,1035,99.5,15,30.6,2.7,2,10,2024-01-24T08:06:58,2024-01-24T17:24:54,0.45,"Rain, Overcast",Cloudy skies throughout the day with afternoon rain.,rain,"E5414,06704099999,06707099999,06618099999,06708099999,06703099999,06711099999"
chavannes-près-renens,2024-01-25,54.1,46.4,50.2,54.1,44.7,49.5,44.9,82.3,0.007,100,16.67,rain,0,0,18,7.8,265.9,1032.1,55.1,15,79.3,6.9,5,10,2024-01-25T08:06:00,2024-01-25T17:26:21,0.5,"Rain, Partially cloudy",Partly cloudy throughout the day with early morning rain.,rain,"E5414,06704099999,06707099999,06618099999,06708099999,06703099999,06711099999"
chavannes-près-renens,2024-01-26,49.8,44.1,46.9,48.3,42.2,45.8,41.7,82.3,0.02,100,29.17,rain,0,0,18.9,6.2,296.4,1032.6,94,13.4,28,2.5,1,10,2024-01-26T08:05:00,2024-01-26T17:27:50,0.52,"Rain, Overcast",Cloudy skies throughout the day with rain.,rain,"E5414,06704099999,06707099999,06618099999,06708099999,06703099999,06711099999"
chavannes-près-renens,2024-01-27,44.7,39.5,42.1,43.8,37,40.3,38.9,88.5,0,0,0,,0,0,12.9,5.6,5.6,1035,48.8,14.1,85.7,7.4,4,10,2024-01-27T08:03:57,2024-01-27T17:29:18,0.56,Partially cloudy,Partly cloudy throughout the day.,partly-cloudy-day,"E5414,06704099999,06707099999,06618099999,06708099999,06703099999,06711099999"
chavannes-près-renens,2024-01-28,45.8,36.7,40.5,45.1,35.3,40.1,35.8,83.8,0,0,0,,0,0,10.2,3.7,0.5,1034.1,64.7,15,91.9,7.9,4,10,2024-01-28T08:02:53,2024-01-28T17:30:47,0.59,Partially cloudy,Partly cloudy throughout the day.,partly-cloudy-day,"E5414,06704099999,06707099999,06618099999,06708099999,06703099999,06711099999"
chavannes-près-renens,2024-01-29,47.6,35.8,40.6,47.4,33.8,39.8,34.4,78.8,0,0,0,,0,0,8.9,4.1,18.5,1033.6,80.3,14.6,98,8.5,4,10,2024-01-29T08:01:47,2024-01-29T17:32:17,0.62,Partially cloudy,Partly cloudy throughout the day.,partly-cloudy-day,"E5414,06610099999,06700099999,06720099999,06704099999,06707099999,06618099999,06708099999,06703099999,06711099999"
chavannes-près-renens,2024-01-30,46.3,36.5,41,46.3,34.2,40.1,34.9,78.8,0,0,0,,0,0,9.5,4.1,337.6,1035,80.3,15,71.3,6.3,4,10,2024-01-30T08:00:38,2024-01-30T17:33:47,0.65,Partially cloudy,Partly cloudy throughout the day.,partly-cloudy-day,"E5414,06704099999,06707099999,06618099999,06708099999,06703099999,06711099999"
chavannes-près-renens,2024-01-31,46.2,35.4,39.9,46.2,33.4,39.4,33.5,77.8,0,0,0,,0,0,8.2,4.2,16,1036,34.8,15,69.3,6.1,4,10,2024-01-31T07:59:28,2024-01-31T17:35:17,0.69,Partially cloudy,Partly cloudy throughout the day.,partly-cloudy-day,"E5414,06704099999,06707099999,06618099999,06708099999,06703099999,06711099999"
chavannes-près-renens,2024-02-01,44.3,37.5,41.3,44.2,35.2,40.1,38.1,88.4,0.02,100,20.83,rain,0,0,10.9,5,308,1034.7,87.9,14.2,28.6,2.5,2,10,2024-02-01T07:58:15,2024-02-01T17:36:48,0.72,"Rain, Partially cloudy",Partly cloudy throughout the day with afternoon rain.,rain,"E5414,06704099999,06707099999,06618099999,06708099999,06703099999,06711099999"
chavannes-près-renens,2024-02-02,46.7,37.2,41.5,46.7,36,41,38.2,88.1,0,0,0,,0,0,9.1,3.9,33.7,1035.8,43.8,15,80,7,5,10,2024-02-02T07:57:01,2024-02-02T17:38:19,0.75,Partially cloudy,Partly cloudy throughout the day.,partly-cloudy-day,"E5414,06704099999,06707099999,06618099999,06708099999,06703099999,06711099999"
chavannes-près-renens,2024-02-03,51.5,36.3,42.6,51.5,33.8,42,35.8,77.1,0,0,0,,0,0,8.4,4.1,8.2,1033.6,65.5,15,108.1,9.4,5,10,2024-02-03T07:55:45,2024-02-03T17:39:49,0.75,Partially cloudy,Partly cloudy throughout the day.,partly-cloudy-day,"E5414,06704099999,06707099999,06618099999,06708099999,06703099999,06711099999"
chavannes-près-renens,2024-02-04,48.7,38.1,42.9,48.3,36.5,42,36.1,77.3,0,0,0,,0,0,9.5,5,318.4,1032.1,36.1,15,109,9.3,5,10,2024-02-04T07:54:27,2024-02-04T17:41:21,0.82,Partially cloudy,Partly cloudy throughout the day.,partly-cloudy-day,"E5414,06704099999,06707099999,06618099999,06708099999,06703099999,06711099999"
chavannes-près-renens,2024-02-05,48.4,36.3,41.6,47.7,34.4,40.3,34.3,75.6,0,0,0,,0,0,10.5,5.2,313.5,1029.4,13.4,15,104.5,9.1,5,10,2024-02-05T07:53:07,2024-02-05T17:42:52,0.85,Clear,Clear conditions throughout the day.,clear-day,"E5414,06704099999,06707099999,06618099999,06708099999,06703099999,06711099999"
chavannes-près-renens,2024-02-06,48.5,37.6,42.6,46.3,34.8,39.7,32.7,68.5,0,0,0,,0,0,15.2,7.7,263.2,1024.1,17.2,15,87.1,7.5,5,10,2024-02-06T07:51:46,2024-02-06T17:44:23,0.88,Clear,Clear conditions throughout the day.,clear-day,"E5414,06704099999,06707099999,06618099999,06708099999,06703099999,06711099999"
chavannes-près-renens,2024-02-07,47.3,36.5,41.3,43.1,30.8,37.1,36.9,84.8,0.183,100,20.83,rain,0,0,17.6,9.7,264.6,1018.2,69.5,14,80.8,7,7,10,2024-02-07T07:50:23,2024-02-07T17:45:54,0.92,"Rain, Partially cloudy",Partly cloudy throughout the day with late afternoon rain.,rain,"E5414,06704099999,06707099999,06618099999,06708099999,06703099999,06711099999"
chavannes-près-renens,2024-02-08,49.4,43,45.7,47.3,37.7,42.4,43.8,93.2,0.235,100,54.17,rain,0,0,18.3,9.2,257.5,1007.7,96.9,13.9,44.8,4,4,10,2024-02-08T07:48:58,2024-02-08T17:47:26,0.95,"Rain, Overcast",Cloudy skies throughout the day with rain.,rain,"E5414,06704099999,06707099999,06618099999,06708099999,06703099999,06711099999"
chavannes-près-renens,2024-02-09,50.2,45.9,47.8,50.2,42.8,45.4,44.6,88.9,0.125,100,62.5,rain,0,0,27.8,11.8,283.9,994.8,99.9,14.5,31.4,2.8,1,10,2024-02-09T07:47:32,2024-02-09T17:48:57,0,"Rain, Overcast",Cloudy skies throughout the day with a chance of rain throughout the day.,rain,"E5414,06704099999,06707099999,06618099999,06708099999,06703099999,06711099999"
chavannes-près-renens,2024-02-10,48.2,40.4,45.5,48.2,34,43.2,43,91.2,0.072,100,29.17,rain,0,0,29.1,12.1,299.5,987.9,99.5,13,33.5,2.9,2,10,2024-02-10T07:46:04,2024-02-10T17:50:28,0.02,"Rain, Overcast",Cloudy skies throughout the day with rain.,rain,"E5414,06704099999,06707099999,06618099999,06708099999,06703099999,06711099999"
chavannes-près-renens,2024-02-11,45.6,38.8,41.4,40.6,33.5,36.9,38.1,87.8,0.064,100,70.83,rain,0,0,29.6,11.2,251.8,999.7,93,6.6,41.3,3.7,3,10,2024-02-11T07:44:35,2024-02-11T17:52:00,0.05,"Rain, Overcast",Cloudy skies throughout the day with a chance of rain throughout the day.,rain,"E5414,06704099999,06707099999,06618099999,06708099999,06703099999,06711099999"
chavannes-près-renens,2024-02-12,45.4,38.4,42,45.4,35.5,40.6,38.1,86.2,0.033,100,25,rain,0,0,17.2,5.3,307.5,1008.6,92,14.5,62.2,5.5,3,10,2024-02-12T07:43:04,2024-02-12T17:53:31,0.09,"Rain, Overcast",Cloudy skies throughout the day with a chance of rain throughout the day.,rain,"E5414,06704099999,06707099999,06618099999,06708099999,06703099999,06711099999"
chavannes-près-renens,2024-02-13,47.6,35.5,41.6,47.4,31.7,40.8,34.5,76.4,0,0,0,,0,0,10,4.4,26.7,1021.2,34.8,12.9,135.7,11.7,6,10,2024-02-13T07:41:32,2024-02-13T17:55:02,0.12,Partially cloudy,Partly cloudy throughout the day.,partly-cloudy-day,"E5414,06610099999,06700099999,06720099999,06704099999,06707099999,07490099999,06618099999,06708099999,06703099999,06711099999"
chavannes-près-renens,2024-02-14,51.1,37.6,44.5,51.1,37.6,44,34.5,69.3,0,0,0,,0,0,11.4,4.7,47.3,1024.7,68.5,11,91.5,7.9,5,10,2024-02-14T07:39:58,2024-02-14T17:56:32,0.15,Partially cloudy,Partly cloudy throughout the day.,partly-cloudy-day,"E5414,06610099999,06700099999,06720099999,06704099999,07490099999,06707099999,06618099999,06708099999,06703099999,06711099999"
chavannes-près-renens,2024-02-15,51.1,39.2,44.8,51.1,37.7,44.4,36.2,71.8,0,0,0,,0,0,9,3.9,16.4,1021.2,85.7,13.9,68.5,6,3,10,2024-02-15T07:38:23,2024-02-15T17:58:03,0.19,Partially cloudy,Partly cloudy throughout the day.,partly-cloudy-day,"E5414,06610099999,LSGG,06700099999,06720099999,06704099999,06707099999,LSMP,07490099999,06618099999,06708099999,06703099999,06711099999"
chavannes-près-renens,2024-02-16,58.9,40.4,49.3,58.9,40.4,49,41.1,73.8,0,0,0,,0,0,9.8,4.8,294.2,1020.3,90.9,13.9,77.6,6.7,4,10,2024-02-16T07:36:47,2024-02-16T17:59:33,0.25,Overcast,Cloudy skies throughout the day.,cloudy,"E5414,06610099999,LSGG,06700099999,06720099999,06704099999,06707099999,LSMP,07490099999,06618099999,06708099999,06703099999,06711099999"
chavannes-près-renens,2024-02-17,55.5,44.6,49.3,55.5,44.6,49.1,44.4,83.4,0.001,100,4.17,rain,0,0,19,9.4,20.9,1029.9,66,14.8,70.5,6.1,5,10,2024-02-17T07:35:10,2024-02-17T18:01:04,0.26,"Rain, Partially cloudy",Partly cloudy throughout the day with morning rain.,rain,"E5414,06704099999,06707099999,06618099999,06708099999,06703099999,06711099999"
chavannes-près-renens,2024-02-18,52.6,46,49.1,52.6,43.2,48.5,43.9,82.6,0.094,100,12.5,rain,0,0,15.3,5.7,248.9,1032.3,91.4,14.5,74,6.5,3,10,2024-02-18T07:33:31,2024-02-18T18:02:34,0.29,"Rain, Overcast",Cloudy skies throughout the day with late afternoon rain.,rain,"E5414,06610099999,06700099999,06720099999,06704099999,06707099999,07490099999,06618099999,06708099999,06703099999,06711099999"
chavannes-près-renens,2024-02-19,50.5,43.6,46.9,50.5,42.6,45.9,42.9,86.4,0.109,100,58.33,rain,0,0,15.4,4.9,304.1,1031.8,86.3,13.9,97.1,8.5,8,10,2024-02-19T07:31:51,2024-02-19T18:04:03,0.33,"Rain, Partially cloudy",Partly cloudy throughout the day with a chance of rain throughout the day.,rain,"E5414,06704099999,06707099999,06618099999,06708099999,06703099999,06711099999"
chavannes-près-renens,2024-02-20,49.6,38.7,44.3,47.7,35.7,42.7,38.2,79.6,0.02,100,33.33,rain,0,0,14.3,5.5,6,1030.9,59.4,13.6,104.3,9,6,10,2024-02-20T07:30:10,2024-02-20T18:05:33,0.36,"Rain, Partially cloudy",Partly cloudy throughout the day with rain clearing later.,rain,"E5414,06704099999,06707099999,06618099999,06708099999,06703099999,06711099999"
chavannes-près-renens,2024-02-21,50,36.9,43.3,47.3,33.8,41.2,35.4,74.7,0.001,100,4.17,rain,0,0,19.9,9.7,264.8,1023.8,97.4,15,77.8,6.7,4,10,2024-02-21T07:28:28,2024-02-21T18:07:02,0.39,"Rain, Overcast",Cloudy skies throughout the day with morning rain.,rain,"E5414,06704099999,06707099999,06618099999,06708099999,06703099999,06711099999"
chavannes-près-renens,2024-02-22,50.6,42,45.8,50.6,36.3,40.8,42.5,89.1,0.974,100,87.5,rain,0,0,35.9,15.6,253.8,1006.8,99.8,8.8,13.9,1.2,1,10,2024-02-22T07:26:45,2024-02-22T18:08:31,0.43,"Rain, Overcast",Cloudy skies throughout the day with a chance of rain throughout the day.,rain,"E5414,06610099999,06700099999,06720099999,06704099999,06707099999,07490099999,06618099999,06708099999,06703099999,06711099999"
chavannes-près-renens,2024-02-23,45.3,36,40.8,41.2,31.8,36.4,33.6,75.9,0.069,100,20.83,rain,0,0,35.9,10.7,254.1,1001.3,60.9,14.1,79.4,6.9,7,10,2024-02-23T07:25:01,2024-02-23T18:10:00,0.46,"Rain, Partially cloudy",Becoming cloudy in the afternoon with rain.,rain,"E5414,06704099999,06707099999,06618099999,06708099999,06703099999,06711099999"
chavannes-près-renens,2024-02-24,45.5,38.9,41.6,41.1,32.3,37.4,32.2,69.6,0.017,100,12.5,rain,0,0,26.5,13.9,245.2,1005.2,49.5,13.4,112.8,9.7,7,10,2024-02-24T07:23:16,2024-02-24T18:11:28,0.5,"Rain, Partially cloudy",Becoming cloudy in the afternoon with early morning rain.,rain,"E5414,06705099999,06619099999,06704099999,06707099999,06618099999,06708099999,06703099999,06711099999"
chavannes-près-renens,2024-02-25,48.1,35.6,42.1,45.8,31.2,39.6,31.1,66.3,0.015,100,16.67,rain,0,0,17.3,7.7,290.7,1005.2,77.8,15,100.6,8.7,6,10,2024-02-25T07:21:30,2024-02-25T18:12:57,0.53,"Rain, Partially cloudy",Partly cloudy throughout the day with late afternoon rain.,rain,"E5414,06705099999,06619099999,06704099999,06618099999,06708099999,06703099999,06711099999"
chavannes-près-renens,2024-02-26,49.6,41.2,44.6,48.8,36.4,42.6,39.3,82,0.279,100,33.33,rain,0,0,18.6,7.7,309.6,999.8,77.1,11.8,92.9,8.1,5,10,2024-02-26T07:19:43,2024-02-26T18:14:24,0.57,"Rain, Partially cloudy",Partly cloudy throughout the day with a chance of rain throughout the day.,rain,"E5414,06705099999,06704099999,06707099999,06618099999,06708099999,06703099999,06711099999"
chavannes-près-renens,2024-02-27,47,41.3,44,41.9,37,39.5,37.7,78.7,0,0,0,rain,0,0,28.4,12.6,29.1,1008.3,95.1,15,78,6.6,5,10,2024-02-27T07:17:55,2024-02-27T18:15:52,0.6,Overcast,Cloudy skies throughout the day.,cloudy,"E5414,06704099999,06707099999,06618099999,06708099999,06703099999,06711099999"
chavannes-près-renens,2024-02-28,48.8,43.6,45.2,44.7,37.8,40.7,38.2,76.2,0,0,0,,0,0,28.5,11.8,32.5,1018,63.7,14.6,105,9.1,7,10,2024-02-28T07:16:07,2024-02-28T18:17:19,0.63,Partially cloudy,Partly cloudy throughout the day.,partly-cloudy-day,"E5414,06705099999,LSGG,06704099999,06707099999,LSMP,06618099999,06708099999,06703099999,06711099999"
chavannes-près-renens,2024-02-29,50.2,42.1,45,50.2,40.9,44.3,38.7,79,0,0,0,rain,0,0,15.2,4.2,333.7,1014.2,37.8,14.9,149,12.7,7,10,2024-02-29T07:14:18,2024-02-29T18:18:46,0.67,Partially cloudy,Partly cloudy throughout the day.,partly-cloudy-day,"E5414,06705099999,06704099999,06707099999,06618099999,06708099999,06703099999,06711099999"
chavannes-près-renens,2024-03-01,47.4,39.2,43.9,45.9,35.7,42.4,38.5,81.6,0.021,100,25,rain,0,0,11.6,5,267.7,1008.9,89.7,14,104.7,9,5,10,2024-03-01T07:12:27,2024-03-01T18:20:13,0.7,"Rain, Partially cloudy",Partly cloudy throughout the day with rain clearing later.,rain,"E5414,LSGG,06704099999,06707099999,LSMP,06618099999,06708099999,06703099999,06711099999"
chavannes-près-renens,2024-03-02,49.1,37.6,43.5,47.6,33.6,41.1,37,78.4,0,0,0,,0,0,12.5,6.2,343.6,1004.2,74.6,15,97.1,8.5,6,10,2024-03-02T07:10:37,2024-03-02T18:21:40,0.73,Partially cloudy,Partly cloudy throughout the day.,partly-cloudy-day,"E5414,06704099999,06707099999,06618099999,06708099999,06703099999,06711099999"
chavannes-près-renens,2024-03-03,51.3,42.3,45.3,51.3,40.4,44,38.8,78.3,0,0,0,rain,0,0,21.9,8.9,330.3,999,99.2,12.8,101.2,8.7,6,10,2024-03-03T07:08:45,2024-03-03T18:23:06,0.75,Overcast,Cloudy skies throughout the day.,cloudy,"E5414,06704099999,06707099999,06618099999,06708099999,06703099999,06711099999"
chavannes-près-renens,2024-03-04,46.1,40.7,43.1,45.9,38.6,42.4,36.7,78.1,0,0,0,rain,0,0,15.4,4.8,285,1010.9,86,9.4,69.4,5.9,4,10,2024-03-04T07:06:53,2024-03-04T18:24:32,0.8,Partially cloudy,Partly cloudy throughout the day.,partly-cloudy-day,"E5414,06704099999,06707099999,06618099999,06708099999,06703099999,06711099999"
chavannes-près-renens,2024-03-05,46.7,39.4,42.5,45.6,34.8,38.7,36.1,78.7,0.027,100,16.67,rain,0,0,23.6,8.9,252,1017,96.1,11.3,76.4,6.6,4,10,2024-03-05T07:05:00,2024-03-05T18:25:57,0.83,"Rain, Overcast",Cloudy skies throughout the day with rain.,rain,"E5414,06704099999,06707099999,06618099999,06708099999,06703099999,06711099999"
chavannes-près-renens,2024-03-06,43.1,37.9,40.2,43.1,33.9,38.6,33.5,77.5,0.005,100,12.5,rain,0,0,16.3,6.7,307,1021.8,81.2,13.7,54.9,4.8,2,10,2024-03-06T07:03:07,2024-03-06T18:27:23,0.87,"Rain, Partially cloudy",Partly cloudy throughout the day with early morning rain.,rain,"E5414,06704099999,06707099999,06618099999,06708099999,06703099999,06711099999"
chavannes-près-renens,2024-03-07,46.1,35.4,39.9,43.8,30.2,36,33.2,77.2,0,0,0,,0,0,19.8,8.9,25.3,1018.3,18.3,14.3,153.9,13.3,7,10,2024-03-07T07:01:13,2024-03-07T18:28:48,0.9,Clear,Clear conditions throughout the day.,clear-day,"E5414,06619099999,06609099999,06705099999,LSGG,06704099999,06707099999,LSMP,06618099999,06708099999,06703099999,06711099999"
chavannes-près-renens,2024-03-08,42.8,32.5,37.9,41.3,26.9,34.8,33.6,84.7,0,0,0,rain,0,0,20.1,6.4,18.2,1010.2,70,14.4,72,6.2,5,10,2024-03-08T06:59:19,2024-03-08T18:30:13,0.94,Partially cloudy,Partly cloudy throughout the day.,partly-cloudy-day,"E5414,06704099999,06707099999,06618099999,06708099999,06703099999,06711099999"
chavannes-près-renens,2024-03-09,47.1,34.9,41.7,45.4,31.4,39,35.4,79,0,0,0,,0,0,14.6,6.4,14.7,1000.9,85.6,15,87.3,7.5,4,10,2024-03-09T06:57:24,2024-03-09T18:31:37,0.97,Partially cloudy,Partly cloudy throughout the day.,partly-cloudy-day,"E5414,06704099999,06707099999,06618099999,06708099999,06703099999,06711099999"
chavannes-près-renens,2024-03-10,45.9,40.1,44.2,45.5,37.2,41.6,37.7,78.3,0.085,100,29.17,rain,0,0,26.4,9.6,278.3,996.3,97,13.2,44.8,3.7,2,10,2024-03-10T06:55:29,2024-03-10T18:33:02,0,"Rain, Overcast",Cloudy skies throughout the day with rain.,rain,"E5414,06704099999,06707099999,06618099999,06708099999,06703099999,06711099999"
chavannes-près-renens,2024-03-11,48.9,35.9,42.1,46.1,32.7,40.3,37.7,84.8,0.011,100,16.67,rain,0,0,13.7,7.5,357.1,1007.7,81,11.9,80.3,6.9,6,10,2024-03-11T06:53:34,2024-03-11T18:34:26,0.04,"Rain, Partially cloudy",Partly cloudy throughout the day with afternoon rain.,rain,"E5414,06610099999,06700099999,06720099999,06704099999,06707099999,07490099999,06618099999,06708099999,06703099999,06711099999"
chavannes-près-renens,2024-03-12,50.5,39.4,44.9,50.5,37,43.3,38.4,78.8,0.026,100,4.17,rain,0,0,13.9,10,236.6,1018.8,83.1,6.1,44.2,3.9,2,10,2024-03-12T06:51:38,2024-03-12T18:35:50,0.07,"Rain, Partially cloudy",Partly cloudy throughout the day with morning rain.,rain,"E5414,06610099999,LSGG,06700099999,06720099999,07490099999,LSMP,06618099999,06612099999"
chavannes-près-renens,2024-03-13,59.4,44.2,49.8,59.4,41.7,49.2,41.3,73.6,0.045,100,4.17,rain,0,0,12.1,9.2,336.3,1019,62.2,6.2,123.5,10.7,7,10,2024-03-13T06:49:41,2024-03-13T18:37:14,0.1,"Rain, Partially cloudy",Partly cloudy throughout the day with morning rain.,rain,"E5414,06610099999,LSGG,06700099999,06720099999,07490099999,06608099999"
chavannes-près-renens,2024-03-14,59.4,38.9,48.7,59.4,38.9,48.7,40.6,75.1,0.002,100,4.17,rain,0,0,12.8,5.5,200.6,1016.3,54.6,9.2,180.9,15.6,7,10,2024-03-14T06:47:45,2024-03-14T18:38:37,0.14,"Rain, Partially cloudy",Partly cloudy throughout the day with morning rain.,rain,"E5414,06610099999,06705099999,06700099999,06720099999,06704099999,07490099999,06707099999,06618099999,06708099999,06703099999,06619099999,06711099999"
chavannes-près-renens,2024-03-15,55.1,49,52,55.1,47.1,51.9,43.1,72,0.051,100,25,rain,0,0,23.7,9.4,252.2,1017.8,86.3,12.4,80.5,7.1,3,10,2024-03-15T06:45:48,2024-03-15T18:40:00,0.17,"Rain, Partially cloudy",Partly cloudy throughout the day with rain.,rain,"E5414,06704099999,06707099999,06618099999,06708099999,06703099999,06711099999"
chavannes-près-renens,2024-03-16,55,45.9,49.8,55,44.4,48.4,43.4,79.5,0.349,100,45.83,rain,0,0,24.5,9.6,240.9,1023.1,74.3,12.7,114,9.9,5,10,2024-03-16T06:43:51,2024-03-16T18:41:23,0.2,"Rain, Partially cloudy",Partly cloudy throughout the day with a chance of rain throughout the day.,rain,"E5414,06705099999,06704099999,06707099999,06618099999,06708099999,06703099999,06711099999"
chavannes-près-renens,2024-03-17,52.2,42,47.1,52.2,41.2,46.8,41.5,81,0.008,100,20.83,rain,0,0,10.1,3.8,18.4,1023.1,98.8,15,84.4,7.2,5,10,2024-03-17T06:41:53,2024-03-17T18:42:46,0.25,"Rain, Overcast",Cloudy skies throughout the day with late afternoon rain.,rain,"E5414,06704099999,06707099999,06618099999,06708099999,06703099999,06711099999"
chavannes-près-renens,2024-03-18,55.7,47.1,50.6,55.7,45.3,49.9,47.5,89.5,0.622,100,54.17,rain,0,0,17.1,6,318.1,1017.9,80.8,12,77.4,6.6,5,10,2024-03-18T06:39:56,2024-03-18T18:44:09,0.27,"Rain, Partially cloudy",Partly cloudy throughout the day with rain.,rain,"E5414,06704099999,06707099999,06618099999,06708099999,06703099999,06711099999"
chavannes-près-renens,2024-03-19,55.8,42.8,48.7,55.8,40.4,48,44.2,84.8,0,0,0,,0,0,11.1,6,4.9,1019,47.4,14.6,206,17.9,9,10,2024-03-19T06:37:58,2024-03-19T18:45:32,0.3,Partially cloudy,Partly cloudy throughout the day.,partly-cloudy-day,"E5414,06610099999,06705099999,LSGG,06700099999,06704099999,06707099999,LSMP,06618099999,06708099999,06703099999,06711099999"
chavannes-près-renens,2024-03-20,64.7,41.2,51,64.7,40.1,50.6,43.3,76.5,0,0,0,,0,0,10,4.9,37,1020.1,51.8,14.6,197.8,17.3,7,10,2024-03-20T06:36:01,2024-03-20T18:46:54,0.34,Partially cloudy,Partly cloudy throughout the day.,partly-cloudy-day,"E5414,06610099999,06705099999,06700099999,06720099999,06704099999,06707099999,07490099999,06618099999,06708099999,06703099999,06711099999"
chavannes-près-renens,2024-03-21,63,50.6,55.6,63,50.6,55.6,45,68.8,0.03,100,16.67,rain,0,0,13,6.1,319.1,1024.2,53.7,13.8,118.5,10.2,9,10,2024-03-21T06:34:03,2024-03-21T18:48:16,0.37,"Rain, Partially cloudy",Partly cloudy throughout the day with morning rain.,rain,"E5414,06705099999,06704099999,06707099999,06618099999,06708099999,06703099999,06711099999"
chavannes-près-renens,2024-03-22,62.8,46.5,53.6,62.8,44.8,53.2,39.7,61.3,0,0,0,,0,0,12,5,12.5,1020.7,54,15,197.5,17.1,7,10,2024-03-22T06:32:05,2024-03-22T18:49:39,0.41,Partially cloudy,Partly cloudy throughout the day.,partly-cloudy-day,"E5414,06705099999,06704099999,06707099999,06618099999,06708099999,06703099999,06711099999"
chavannes-près-renens,2024-03-23,53.4,42.8,48.7,53.4,37.1,45.1,34.2,58,0.054,100,29.17,rain,0,0,30.5,14.3,266.1,1016.5,59.1,13.3,175.9,15.3,8,10,2024-03-23T06:30:07,2024-03-23T18:51:01,0.44,"Rain, Partially cloudy",Partly cloudy throughout the day with rain.,rain,"E5414,06705099999,06704099999,06707099999,06618099999,06708099999,06703099999,06711099999"
chavannes-près-renens,2024-03-24,45.6,38.2,41.9,41.7,31.2,37.1,32.3,69.3,0.075,100,41.67,rain,0,0,29.4,11.5,249.1,1015.4,75.9,10.3,145.5,12.6,10,10,2024-03-24T06:28:09,2024-03-24T18:52:23,0.47,"Rain, Partially cloudy",Partly cloudy throughout the day with rain clearing later.,rain,"E5414,06704099999,06707099999,06618099999,06708099999,06703099999,06711099999"
chavannes-près-renens,2024-03-25,48.5,32.5,42.2,46.8,27.5,39.7,30.9,65.5,0,0,0,rain,0,0,15.1,6.2,47.7,1005.8,74.4,15,198.5,17.2,7,10,2024-03-25T06:26:11,2024-03-25T18:53:44,0.5,Partially cloudy,Partly cloudy throughout the day.,partly-cloudy-day,"E5414,06705099999,06704099999,06707099999,06618099999,06708099999,06703099999,06711099999"
chavannes-près-renens,2024-03-26,59.7,42.5,50,59.7,40.3,49.3,35.5,58.7,0.008,100,8.33,rain,0,0,17,8.1,46.2,992.5,78.6,12.4,168.5,14.7,8,10,2024-03-26T06:24:14,2024-03-26T18:55:06,0.54,"Rain, Partially cloudy",Partly cloudy throughout the day with late afternoon rain.,rain,"E5414,06610099999,06705099999,LSGG,06700099999,06704099999,06707099999,07490099999,LSMP,06618099999,06708099999,06703099999,06619099999,06711099999"
chavannes-près-renens,2024-03-27,49.9,35.4,41.3,49.1,30.5,38.3,37.9,87.7,0.348,100,45.83,rain,0.6,0,21.6,9.1,244.5,991.5,80.4,7.9,43.5,3.7,2,10,2024-03-27T06:22:16,2024-03-27T18:56:28,0.57,"Rain, Partially cloudy",Partly cloudy throughout the day with rain or snow in the morning and afternoon.,snow,"E5414,LSGG,06700099999,06720099999,06704099999,LSMP,06707099999,06618099999,06708099999,06703099999,06711099999"
chavannes-près-renens,2024-03-28,56.1,33.6,45.1,56.1,30.6,43.9,32.6,66.2,0.198,100,41.67,rain,0,0,42.7,23,230.6,995.9,51.2,5.7,106.1,9.1,5,10,2024-03-28T06:20:19,2024-03-28T18:57:49,0.61,"Rain, Partially cloudy",Partly cloudy throughout the day with a chance of rain throughout the day.,rain,"E5414,LSGG,LSMP"
chavannes-près-renens,2024-03-29,65.8,41.1,53.3,65.8,37.8,52.6,36.8,54.8,0,0,0,,0,0,8.5,9.9,236.5,998,58.8,6.1,95.3,8.3,4,10,2024-03-29T06:18:21,2024-03-29T18:59:11,0.64,Partially cloudy,Partly cloudy throughout the day.,partly-cloudy-day,"E5414,LSGG,LSMP"
chavannes-près-renens,2024-03-30,56.3,48,52.3,56.3,47.7,52.2,39.2,62,0.134,100,29.17,rain,0,0,12.3,9.6,262,997.6,67.8,6.2,40,3.5,3,10,2024-03-30T06:16:24,2024-03-30T19:00:32,0.68,"Rain, Partially cloudy",Partly cloudy throughout the day with rain.,rain,"E5414,LSGG,LSMP"
chavannes-près-renens,2024-03-31,58.1,42.6,49.4,58.1,42,49.2,44.1,83.3,0.044,100,20.83,rain,0,0,11,5.8,68.9,997.2,61.9,6.1,107.5,8.9,5,10,2024-03-31T07:14:27,2024-03-31T20:01:54,0.71,"Rain, Partially cloudy",Partly cloudy throughout the day with rain.,rain,"E5414,LSGG,LSMP"
chavannes-près-renens,2024-04-01,53.5,42.4,48.5,53.5,37.8,45.5,41.4,77.6,0.087,100,16.67,rain,0,0,36.9,19.1,228,1002.3,75.1,6.5,109.4,9.5,5,10,2024-04-01T07:12:30,2024-04-01T20:03:15,0.75,"Rain, Partially cloudy",Partly cloudy throughout the day with late afternoon rain.,rain,"E5414,LSGG,06704099999,LSMP,06707099999,06618099999,06708099999,06703099999,06711099999"
chavannes-près-renens,2024-04-02,57.9,40.8,47.9,57.9,36.4,45.3,37.4,69.5,0.08,100,20.83,rain,0,0,28.9,17,238.3,1015.3,59.6,7.5,194.1,16.6,10,10,2024-04-02T07:10:34,2024-04-02T20:04:36,0.75,"Rain, Partially cloudy",Partly cloudy throughout the day with early morning rain.,rain,"E5414,LSGG,06704099999,06707099999,LSMP,06618099999,06708099999,06703099999,06711099999"
chavannes-près-renens,2024-04-03,50.2,43.9,46.9,50.2,40.2,43.9,41,80.4,0.163,100,62.5,rain,0,0,25.1,12.6,262.6,1015.1,97.5,13.7,38.8,3.3,1,10,2024-04-03T07:08:38,2024-04-03T20:05:57,0.82,"Rain, Overcast",Cloudy skies throughout the day with rain.,rain,"E5414,06704099999,06707099999,06618099999,06708099999,06703099999,06711099999"
chavannes-près-renens,2024-04-04,60.2,46.4,52.8,60.2,43.7,51.9,45.1,77.1,0.082,100,20.83,rain,0,0,29.4,15.8,235,1018.3,83.9,14.8,143.5,12.5,9,10,2024-04-04T07:06:42,2024-04-04T20:07:19,0.85,"Rain, Partially cloudy",Partly cloudy throughout the day with early morning rain.,rain,"E5414,06609099999,06705099999,06704099999,06707099999,06618099999,06708099999,06703099999,06711099999"
chavannes-près-renens,2024-04-05,66,49.3,58.3,66,47.9,58.2,43.1,58.2,0,0,0,,0,0,21.7,9.4,254,1017.6,84,15,198.7,17.2,9,10,2024-04-05T07:04:47,2024-04-05T20:08:40,0.88,Partially cloudy,Partly cloudy throughout the day.,partly-cloudy-day,"E5414,06704099999,06707099999,06618099999,06708099999,06703099999,06711099999"
chavannes-près-renens,2024-04-06,71.1,52.8,61.7,71.1,52.8,61.7,41.6,49.1,0,0,0,,0,0,16.5,8.8,283.6,1018.5,49.7,15,222.3,19.1,8,10,2024-04-06T07:02:52,2024-04-06T20:10:01,0.92,Partially cloudy,Clearing in the afternoon.,partly-cloudy-day,"E5414,06704099999,06707099999,06618099999,06708099999,06703099999,06711099999"
chavannes-près-renens,2024-04-07,71.5,57,63.1,71.5,57,63.1,41.9,46.7,0,0,0,,0,0,13.9,6.9,356.5,1017,68.5,15,187.4,16.2,9,10,2024-04-07T07:00:58,2024-04-07T20:11:22,0.95,Partially cloudy,Partly cloudy throughout the day.,partly-cloudy-day,"E5414,06705099999,06704099999,06707099999,06618099999,06708099999,06703099999,06711099999"
chavannes-près-renens,2024-04-08,70.2,56.2,62.8,70.2,56.2,62.8,44.9,52.3,0,0,0,,0,0,18.8,6.5,1.9,1010.4,82.5,15,142.6,12.3,6,10,2024-04-08T06:59:04,2024-04-08T20:12:43,0,Partially cloudy,Partly cloudy throughout the day.,partly-cloudy-day,"E5414,06705099999,06704099999,06707099999,06618099999,06708099999,06703099999,06711099999"
chavannes-près-renens,2024-04-09,63.1,40.8,49.1,63.1,38.3,47.3,39.9,72.8,0.306,100,45.83,rain,0,0,27,13.3,267.1,1017.8,99.8,9.9,47.9,4,3,10,2024-04-09T06:57:10,2024-04-09T20:14:04,0.02,"Rain, Overcast",Cloudy skies throughout the day with rain.,rain,"E5414,06704099999,06707099999,06618099999,06708099999,06703099999,06711099999"
chavannes-près-renens,2024-04-10,50.8,39,44.6,50.8,35,41.9,35.3,71.3,0.028,100,8.33,rain,0,0,25.8,11.8,27,1028.4,58.1,14.4,139.8,12.1,10,10,2024-04-10T06:55:17,2024-04-10T20:15:25,0.05,"Rain, Partially cloudy",Partly cloudy throughout the day with early morning rain.,rain,"E5414,06705099999,06619099999,06704099999,06707099999,06618099999,06708099999,06703099999,06711099999"
chavannes-près-renens,2024-04-11,58.7,40.9,49.1,58.7,37.6,47.3,38.4,67.2,0,0,0,,0,0,21.3,8.7,15.3,1032.2,20.9,15,234.8,20.2,8,10,2024-04-11T06:53:25,2024-04-11T20:16:46,0.09,Partially cloudy,Becoming cloudy in the afternoon.,partly-cloudy-day,"E5414,06705099999,06704099999,06707099999,06618099999,06708099999,06703099999,06711099999"
chavannes-près-renens,2024-04-12,65,44.3,54.3,65,42.6,53.9,44.9,71.2,0,0,0,,0,0,9.8,5.6,3.8,1032.4,24.6,15,244.9,21.1,9,10,2024-04-12T06:51:33,2024-04-12T20:18:07,0.12,Partially cloudy,Partly cloudy throughout the day.,partly-cloudy-day,"E5414,06705099999,06704099999,06707099999,06618099999,06708099999,06703099999,06711099999"
chavannes-près-renens,2024-04-13,72.2,48.8,59.2,72.2,48.8,59.2,46.8,65.1,0,0,0,,0,0,10.2,4.3,32.5,1028.3,23.6,15,255.2,21.9,8,10,2024-04-13T06:49:42,2024-04-13T20:19:29,0.15,Partially cloudy,Clearing in the afternoon.,partly-cloudy-day,"E5414,06705099999,06609099999,06702099999,06704099999,06707099999,06618099999,06708099999,06703099999,06711099999"
chavannes-près-renens,2024-04-14,75.6,52.3,64.2,75.6,52.3,64.2,45.8,52.2,0,0,0,rain,0,0,13.1,5.9,266.1,1022.4,48.4,14.9,264.3,22.7,8,10,2024-04-14T06:47:51,2024-04-14T20:20:50,0.19,Partially cloudy,Partly cloudy throughout the day.,partly-cloudy-day,"E5414,06705099999,06704099999,06707099999,06618099999,06708099999,06703099999,06711099999"
chavannes-près-renens,2024-04-15,65.9,52.4,62.3,65.9,52.4,62.3,43.8,51.1,0.02,100,12.5,rain,0,0,38.8,19.4,262.8,1014.3,86.7,12.5,164.2,13.9,9,10,2024-04-15T06:46:02,2024-04-15T20:22:11,0.25,"Rain, Partially cloudy",Partly cloudy throughout the day with morning rain.,rain,"E5414,06610099999,06705099999,06700099999,06720099999,06704099999,06707099999,07490099999,LSMP,06618099999,06708099999,06703099999,06619099999,06711099999"
chavannes-près-renens,2024-04-16,50.9,39.6,45.7,50.9,34.2,41.7,34.4,65.5,0.264,100,33.33,rain,0,0,31.5,12.4,248.4,1014.8,90.5,12.5,151.2,13.2,6,10,2024-04-16T06:44:12,2024-04-16T20:23:32,0.25,"Rain, Overcast",Cloudy skies throughout the day with rain.,rain,"E5414,06704099999,06707099999,06618099999,06708099999,06703099999,06711099999"
chavannes-près-renens,2024-04-17,47.5,37.7,40.6,44.2,35,37.9,35.6,82.9,0.253,100,75,rain,0,0,21.6,8.3,289.7,1014.2,92.7,8,158.5,13.5,6,10,2024-04-17T06:42:24,2024-04-17T20:24:53,0.28,"Rain, Overcast",Cloudy skies throughout the day with a chance of rain throughout the day.,rain,"E5414,06610099999,06705099999,06700099999,06720099999,06704099999,06707099999,07490099999,LSMP,D0170,06618099999,06708099999,06703099999,06711099999"
chavannes-près-renens,2024-04-18,45.8,35.4,39.4,41.6,31.3,35.5,31.5,74.5,0.108,100,33.33,"rain,snow",1,0,19.6,8.8,9.7,1017.4,63.6,11.8,102.7,8.9,4,10,2024-04-18T06:40:37,2024-04-18T20:26:13,0.32,"Snow, Rain, Partially cloudy",Partly cloudy throughout the day with a chance of rain or snow throughout the day.,snow,"E5414,06705099999,06704099999,06707099999,06618099999,06708099999,06703099999,06711099999"
chavannes-près-renens,2024-04-19,46.5,33.1,40.1,42.2,29.1,36.1,32.6,75.1,0.023,100,12.5,rain,0,0,24.2,9.6,251.6,1021.5,77.8,13.7,84.6,7.4,5,10,2024-04-19T06:38:50,2024-04-19T20:27:34,0.35,"Rain, Partially cloudy",Partly cloudy throughout the day with late afternoon rain.,rain,"E5414,06704099999,06707099999,06618099999,06708099999,06703099999,06711099999"
chavannes-près-renens,2024-04-20,46.1,37.6,41.7,43.3,34.3,39,33.8,74.4,0.136,100,45.83,rain,0,0,20.2,7.6,36.3,1020.1,78.4,13.1,246.5,21.3,10,10,2024-04-20T06:37:04,2024-04-20T20:28:55,0.38,"Rain, Partially cloudy",Partly cloudy throughout the day with a chance of rain throughout the day.,rain,"E5414,06704099999,06707099999,06618099999,06708099999,06703099999,06711099999"
chavannes-près-renens,2024-04-21,44.4,34,38.3,40,27.4,34.6,31.1,76.2,0.055,100,33.33,"rain,snow",0.1,0,27.7,9.1,4.5,1020.6,56.6,13.3,153,13,8,10,2024-04-21T06:35:20,2024-04-21T20:30:16,0.42,"Snow, Rain, Partially cloudy",Partly cloudy throughout the day with rain or snow.,snow,"E5414,06705099999,06704099999,06707099999,06618099999,06708099999,06703099999,06711099999"
chavannes-près-renens,2024-04-22,40.2,32.3,36,33.4,26,29.3,30.2,79.1,0.02,100,29.17,"rain,snow",0,0,29.2,12.6,27.1,1018.4,66.5,11.3,151.3,13.1,9,10,2024-04-22T06:33:36,2024-04-22T20:31:37,0.45,"Snow, Rain, Partially cloudy",Partly cloudy throughout the day with rain or snow.,rain,"E5414,06704099999,06707099999,06618099999,06708099999,06703099999,06711099999"
chavannes-près-renens,2024-04-23,43,35,38.7,37.7,28.2,32.2,30.9,73.7,0.001,100,4.17,rain,0,0,29.1,13.4,30.5,1015.4,63.2,13.3,165.5,14.2,9,10,2024-04-23T06:31:53,2024-04-23T20:32:57,0.48,"Rain, Partially cloudy",Partly cloudy throughout the day with late afternoon rain.,rain,"E5414,06705099999,06704099999,06707099999,06618099999,06708099999,06703099999,06711099999"
chavannes-près-renens,2024-04-24,45.7,33.3,40,43.2,29.6,37.3,28.8,65.9,0.014,100,16.67,rain,0,0,21.2,8.6,301.7,1014,72,13.7,159.4,13.8,6,10,2024-04-24T06:30:11,2024-04-24T20:34:18,0.5,"Rain, Partially cloudy",Partly cloudy throughout the day with late afternoon rain.,rain,"E5414,06704099999,06707099999,06618099999,06708099999,06703099999,06711099999"
chavannes-près-renens,2024-04-25,49.8,34.3,41.7,47.7,33.1,40.4,29.1,64.2,0.031,100,16.67,"rain,snow",0,0,15.8,6.8,198.6,1010.4,32.7,15,135.8,11.9,4,10,2024-04-25T06:28:30,2024-04-25T20:35:38,0.55,"Snow, Rain, Partially cloudy",Partly cloudy throughout the day with rain or snow clearing later.,rain,"E5414,06704099999,06707099999,06618099999,06708099999,06703099999,06711099999"
chavannes-près-renens,2024-04-26,51.7,42.9,46.5,51.7,38.7,45.2,38.9,75.2,0.036,100,37.5,rain,0,0,20.6,10,255.7,1007.6,78.8,14.5,84.5,7.3,3,10,2024-04-26T06:26:50,2024-04-26T20:36:58,0.59,"Rain, Partially cloudy",Partly cloudy throughout the day with a chance of rain throughout the day.,rain,"E5414,06705099999,06704099999,06707099999,06618099999,06708099999,06703099999,06711099999"
chavannes-près-renens,2024-04-27,61.3,39.7,51.1,61.3,38.7,50.6,38.2,65,0,0,0,,0,0,24.3,9.5,109.8,1007.4,68.6,15,234.7,20.3,10,10,2024-04-27T06:25:12,2024-04-27T20:38:19,0.62,Partially cloudy,Partly cloudy throughout the day.,partly-cloudy-day,"E5414,06705099999,06704099999,06707099999,06618099999,06708099999,06703099999,06711099999"
chavannes-près-renens,2024-04-28,57.1,47,52.1,57.1,46.5,51.8,43.1,74.5,0.316,100,75,rain,0,0,25.4,8.6,331.3,1013.3,99.2,12.8,39.1,3.3,2,10,2024-04-28T06:23:34,2024-04-28T20:39:39,0.66,"Rain, Overcast",Cloudy skies throughout the day with rain.,rain,"E5414,06704099999,06707099999,06618099999,06708099999,06703099999,06711099999"
chavannes-près-renens,2024-04-29,59.7,46.2,52.2,59.7,45.4,52,46.9,83,0.024,100,25,rain,0,0,12.7,5.8,354,1019.4,85.7,14.5,203,17.4,10,10,2024-04-29T06:21:58,2024-04-29T20:40:58,0.69,"Rain, Partially cloudy",Partly cloudy throughout the day with rain clearing later.,rain,"E5414,06619099999,06705099999,06704099999,06707099999,06618099999,06708099999,06703099999,06711099999"
chavannes-près-renens,2024-04-30,62.4,47.7,55.9,62.4,46.2,55.5,47.4,73.9,0,0,0,rain,0,0,12.7,7.4,19.5,1014.4,68.6,14.7,199,17,7,10,2024-04-30T06:20:23,2024-04-30T20:42:18,0.73,Partially cloudy,Partly cloudy throughout the day.,partly-cloudy-day,"E5414,06705099999,06704099999,06707099999,06618099999,06708099999,06703099999,06711099999"
chavannes-près-renens,2024-05-01,66.1,47,56.8,66.1,47,56.8,49.5,78.1,0,0,0,,0,0,8.9,5.8,229.9,1004.9,81.3,6.2,89.1,7.6,3,10,2024-05-01T06:18:49,2024-05-01T20:43:37,0.75,Partially cloudy,Partly cloudy throughout the day.,partly-cloudy-day,"E5414,LSGG,LSMP"
chavannes-près-renens,2024-05-02,55.6,45.3,50.8,55.6,41.8,49.2,47.7,89.3,0.542,100,58.33,rain,0,0,23.1,10.4,258.3,1004.7,99.9,10.2,85.5,7.3,4,10,2024-05-02T06:17:17,2024-05-02T20:44:56,0.8,"Rain, Overcast",Cloudy skies throughout the day with rain.,rain,"E5414,06704099999,06707099999,06618099999,06708099999,06703099999,06711099999"
chavannes-près-renens,2024-05-03,53.3,44.1,47.9,53.3,40.8,46.4,42.5,82.7,0.155,100,41.67,rain,0,0,15.2,7,245.5,1016.4,92.1,12.9,184,15.9,10,10,2024-05-03T06:15:45,2024-05-03T20:46:15,0.83,"Rain, Overcast",Cloudy skies throughout the day with a chance of rain throughout the day.,rain,"E5414,06705099999,06704099999,06707099999,06618099999,06708099999,06703099999,06711099999"
chavannes-près-renens,2024-05-04,60.4,39.4,50.3,60.4,37.1,49.4,41.3,72.6,0,0,0,rain,0,0,17.2,8.6,234.6,1015.5,82.3,14.8,212,18.2,6,10,2024-05-04T06:14:16,2024-05-04T20:47:34,0.87,Partially cloudy,Partly cloudy throughout the day.,partly-cloudy-day,"E5414,06705099999,06619099999,06704099999,06707099999,06618099999,06708099999,06703099999,06711099999"
chavannes-près-renens,2024-05-05,63.9,51.5,56.5,63.9,51.5,56.5,51.1,82.7,0.13,100,50,rain,0,0,27.1,13.3,248,1013.1,98.2,11,214.6,18.4,10,10,2024-05-05T06:12:47,2024-05-05T20:48:52,0.9,"Rain, Overcast",Cloudy skies throughout the day with rain.,rain,"E5414,06704099999,06707099999,06618099999,06708099999,06703099999,06711099999"
chavannes-près-renens,2024-05-06,57.2,50.4,52.4,57.2,50.4,52.4,49.7,90.7,0.648,100,70.83,rain,0,0,20.4,10.3,270,1011.7,99.7,11.5,72.9,6.2,3,10,2024-05-06T06:11:21,2024-05-06T20:50:10,0.94,"Rain, Overcast",Cloudy skies throughout the day with a chance of rain throughout the day.,rain,"E5414,06704099999,06707099999,06618099999,06708099999,06703099999,06711099999"
chavannes-près-renens,2024-05-07,51.8,47.9,49.1,51.8,47.4,48.7,47.2,93.2,0.506,100,83.33,rain,0,0,13.9,5.2,358.5,1016.5,96,12,84,7.2,6,10,2024-05-07T06:09:55,2024-05-07T20:51:27,0.97,"Rain, Overcast",Cloudy skies throughout the day with a chance of rain throughout the day.,rain,"E5414,06610099999,LSGG,06704099999,06707099999,LSMP,06618099999,06708099999,06703099999,06711099999"
chavannes-près-renens,2024-05-08,61.7,48,53.8,61.7,45.5,53.3,46,76.3,0.01,100,20.83,rain,0,0,29.8,12.1,39.3,1021.3,54.9,13.6,284.4,24.6,10,10,2024-05-08T06:08:31,2024-05-08T20:52:44,0,"Rain, Partially cloudy",Partly cloudy throughout the day with early morning rain.,rain,"E5414,06610099999,06705099999,LSGG,06700099999,06720099999,06704099999,06707099999,LSMP,06618099999,06708099999,06703099999,06712099999,06619099999,06609099999,06702099999,06711099999"
chavannes-près-renens,2024-05-09,62.9,48.4,55,62.9,45.1,54.3,46.3,73.2,0,0,0,,0,0,23.8,10.5,41.7,1021.9,19.1,14.9,317.6,27.5,9,10,2024-05-09T06:07:09,2024-05-09T20:54:00,0.04,Clear,Clear conditions throughout the day.,clear-day,"E5414,06704099999,06707099999,06618099999,06708099999,06703099999,06711099999"
chavannes-près-renens,2024-05-10,68.9,47.8,58.6,68.9,46.1,58.4,48.8,71.1,0,0,0,,0,0,16.4,6.9,26.7,1019.8,11,14.6,244.9,21.2,10,10,2024-05-10T06:05:49,2024-05-10T20:55:16,0.07,Clear,Clear conditions throughout the day.,clear-day,"E5414,06705099999,06704099999,06707099999,06618099999,06708099999,06703099999,06711099999"
chavannes-près-renens,2024-05-11,72,51.6,62,72,51.6,62,49.2,64.4,0,0,0,,0,0,12.1,4.6,9.4,1017.9,23.3,15,323,27.8,10,10,2024-05-11T06:04:30,2024-05-11T20:56:32,0.11,Partially cloudy,Partly cloudy throughout the day.,partly-cloudy-day,"E5414,06704099999,06707099999,06618099999,06708099999,06703099999,06711099999"
chavannes-près-renens,2024-05-12,73,56.1,64,73,56.1,64,48.6,58.6,0,0,0,,0,0,24.4,10.5,182.5,1015.7,74.3,15,258.9,22.3,9,10,2024-05-12T06:03:12,2024-05-12T20:57:47,0.14,Partially cloudy,Partly cloudy throughout the day.,partly-cloudy-day,"E5414,06705099999,06704099999,06707099999,06618099999,06708099999,06703099999,06711099999"
chavannes-près-renens,2024-05-13,69.7,53.2,61.9,69.7,53.2,61.9,48.3,62.3,0.013,100,12.5,rain,0,0,17.9,8,50.8,1012.7,64.9,14.6,215.2,18.5,9,10,2024-05-13T06:01:57,2024-05-13T20:59:01,0.17,"Rain, Partially cloudy",Partly cloudy throughout the day with late afternoon rain.,rain,"E5414,06705099999,06704099999,06707099999,06618099999,06708099999,06703099999,06711099999"
chavannes-près-renens,2024-05-14,67.2,50.7,59.6,67.2,50.7,59.6,51.8,76.4,0.155,100,25,rain,0,0,20.4,11.1,256.2,1007.5,63.1,6.1,108.5,9.4,5,10,2024-05-14T06:00:43,2024-05-14T21:00:14,0.2,"Rain, Partially cloudy",Partly cloudy throughout the day with rain.,rain,"E5414,LSGG,LSMP"
chavannes-près-renens,2024-05-15,61,54.3,56.6,61,54.3,56.6,52.5,86.3,0.957,100,66.67,rain,0,0,10.7,11.4,188.6,1006.7,80.8,5.6,76.7,6.6,4,10,2024-05-15T05:59:31,2024-05-15T21:01:27,0.25,"Rain, Partially cloudy",Partly cloudy throughout the day with a chance of rain throughout the day.,rain,"E5414,LSGG,LSMP"
chavannes-près-renens,2024-05-16,57,50.7,53.4,57,50.7,53.4,49.9,88.4,0.532,100,70.83,rain,0,0,9.8,10.2,227.9,1007.3,73.2,6.1,132.9,11.5,10,10,2024-05-16T05:58:21,2024-05-16T21:02:39,0.27,"Rain, Partially cloudy",Partly cloudy throughout the day with a chance of rain throughout the day.,rain,"E5414,LSGG,LSMP"
chavannes-près-renens,2024-05-17,66,48.3,56.6,66,46.8,56.4,46.3,71.4,0.043,100,8.33,rain,0,0,17.7,13.6,250.1,1010.2,51.4,6.1,286.1,24.7,10,10,2024-05-17T05:57:13,2024-05-17T21:03:51,0.3,"Rain, Partially cloudy",Partly cloudy throughout the day with early morning rain.,rain,"E5414,LSGG,LSMP"
chavannes-près-renens,2024-05-18,66.1,46.3,57.4,66.1,46.3,57.4,48.5,73.8,0.02,100,12.5,rain,0,0,17.4,15,243.5,1012.5,53.8,7.9,182.1,15.9,7,10,2024-05-18T05:56:07,2024-05-18T21:05:01,0.33,"Rain, Partially cloudy",Partly cloudy throughout the day with late afternoon rain.,rain,"E5414,LSGG,LSMP"
chavannes-près-renens,2024-05-19,67.9,55.1,61.4,67.9,55.1,61.4,52,72.7,0,45.2,0,rain,0,0,8.5,4,169.9,1011.8,32.3,15,321.1,27.8,9,10,2024-05-19T05:55:02,2024-05-19T21:06:11,0.37,"Rain, Partially cloudy",Partly cloudy throughout the day with a chance of rain.,rain,
chavannes-près-renens,2024-05-20,72.1,56.7,63.6,72.1,56.7,63.6,52.9,69.6,0.13,100,16.67,rain,0,0,15.7,8.7,11.7,1008.3,57.6,13.7,299.1,25.9,9,10,2024-05-20T05:54:00,2024-05-20T21:07:19,0.4,"Rain, Partially cloudy",Becoming cloudy in the afternoon with late afternoon rain.,rain,
chavannes-près-renens,2024-05-21,59.4,57.5,58.6,59.4,57.5,58.6,54,85.1,0.918,100,75,rain,0,0,30.6,17.7,224,1006.3,100,7.8,68.8,5.9,4,10,2024-05-21T05:53:00,2024-05-21T21:08:27,0.43,"Rain, Overcast",Cloudy skies throughout the day with a chance of rain throughout the day.,rain,
chavannes-près-renens,2024-05-22,65.9,57.5,60.5,65.9,57.5,60.5,49.9,69,0.036,83.9,12.5,rain,0,0,23.3,13.2,242.3,1009.1,79,13.7,302.6,26.1,9,10,2024-05-22T05:52:01,2024-05-22T21:09:34,0.46,"Rain, Partially cloudy",Partly cloudy throughout the day with rain clearing later.,rain,
chavannes-près-renens,2024-05-23,65.2,48.8,57.8,65.2,47,57.6,49,73.1,0.047,90.3,12.5,rain,0,0,5.8,4.9,28.1,1014.2,59.6,14.7,312.5,27.1,9,10,2024-05-23T05:51:05,2024-05-23T21:10:39,0.5,"Rain, Partially cloudy",Partly cloudy throughout the day with rain.,rain,
chavannes-près-renens,2024-05-24,62,52.2,56.4,62,52.2,56.4,50.9,81.9,0.508,77.4,25,rain,0,,8.7,7.6,254.9,1016.4,85.3,13.2,209,18.3,8,10,2024-05-24T05:50:11,2024-05-24T21:11:43,0.53,"Rain, Partially cloudy",Partly cloudy throughout the day with a chance of rain.,rain,
chavannes-près-renens,2024-05-25,62.3,50.6,56.7,62.3,50.6,56.7,50.1,78.9,0.095,51.6,25,rain,0,,6.9,5.2,341.7,1020.1,30.5,14.1,302.3,26.6,8,10,2024-05-25T05:49:19,2024-05-25T21:12:47,0.57,"Rain, Partially cloudy",Partly cloudy throughout the day with a chance of rain.,rain,
chavannes-près-renens,2024-05-26,65.4,51.3,58.9,65.4,51.3,58.9,51.4,76.7,0,58.1,0,rain,0,,6,4.9,83.1,1016.5,49.8,15,313.3,26.9,8,10,2024-05-26T05:48:30,2024-05-26T21:13:48,0.6,"Rain, Partially cloudy",Partly cloudy throughout the day with a chance of rain.,rain,
chavannes-près-renens,2024-05-27,65.7,57.6,61.8,65.7,57.6,61.8,55.6,80.4,0.354,74.2,33.33,rain,0,,6.5,4.9,221.4,1013.5,85.5,11.4,269.6,23.4,8,10,2024-05-27T05:47:42,2024-05-27T21:14:49,0.64,"Rain, Partially cloudy",Partly cloudy throughout the day with a chance of rain.,rain,
chavannes-près-renens,2024-05-28,66.1,55.8,61,66.1,55.8,61,54,78.4,0.664,54.8,33.33,rain,0,,11.4,7.8,250.9,1015.7,64.4,9.7,290.8,25.2,8,10,2024-05-28T05:46:57,2024-05-28T21:15:48,0.67,"Rain, Partially cloudy",Partly cloudy throughout the day with a chance of rain.,rain,
chavannes-près-renens,2024-05-29,66.5,52.2,59,66.5,52.2,59,50,72.3,0,64.5,0,rain,0,,4,4.5,100.4,1017.5,82.4,15,304.9,26.9,8,10,2024-05-29T05:46:14,2024-05-29T21:16:46,0.71,"Rain, Partially cloudy",Partly cloudy throughout the day with a chance of rain.,rain,
chavannes-près-renens,2024-05-30,69.9,54.8,62.6,69.9,54.8,62.6,54.2,74.7,0.083,67.7,8.33,rain,0,,5.6,4.9,57.6,1013.8,76.8,14.4,324.1,28.1,9,10,2024-05-30T05:45:33,2024-05-30T21:17:42,0.75,"Rain, Partially cloudy",Partly cloudy throughout the day with late afternoon rain.,rain,
chavannes-près-renens,2024-05-31,67.2,60.5,63,67.2,60.5,63,59.1,87.2,0.425,64.5,33.33,rain,0,,8.1,6,237.5,1011.7,100,11,173.8,14.7,5,10,2024-05-31T05:44:55,2024-05-31T21:18:37,0.78,"Rain, Overcast",Cloudy skies throughout the day with a chance of rain throughout the day.,rain,
